widget_title,widget_description,url_loc
Emergency Notification Plan,"Who to contact in case of an emergency (Division, Center, Supervisors, Family)",./files/Safety/Accidents/EMERGENCY NOTIFICATION PLAN.pdf
Barcode Sheet (1-120) - Excel,Printable sheet with barcode numbers 1-120,./files/Manuals/Bluetooth_Devices/Barcodes/1-120 bar code numbers.xlsx
Barcode Sheet (1-120) - pdf,Printable sheet with barcode numbers 1-120,./files/Manuals/Bluetooth_Devices/Barcodes/1-120 barcode codes.pdf
Barcode Sheet (120-199) - pdf,Printable sheet with barcode numbers 120-199,./files/Manuals/Bluetooth_Devices/Barcodes/Barcodes_120to199_v05_2017.pdf
Surface Temperature Algorithm (2013),Description of sea surface temperature calculation algorithm and code.,./files/Manuals/Calypso_Wheelhouse/SurfaceTempDocumentation2013.pdf
2023 At-Sea Safety Action Plan,Recommendations for 2023 as recommended by FAST,./files/Safety/2023 at-sea Safety action plan.pdf
2023 Pay Period Calendar,Federal Pay Period Calendar for Timekeeping,./files/Timekeeping/2023 pay periods.pdf
2023 Survey Training Powerpoints and Resources,2023 Survey Training Powerpoints and Resources,./files/Trainings/2023 Training Powerpoints and Resources/
Adobe Acrobat Reader,Adobe Acrobat Reader Installer,./files/Software/PDFs/
Cute PDF Writer,Cute PDF Writer Installer,./files/Software/PDFs/
AED Manual,Automated External Defibrilator User Guide,./files/Safety/UserManual_AED_Hart_350P_Aug2021.pdf
AFSC Code of Conduct,Alaska Fisheries Science Center Code of Conduct,./files/Safety/AFSC Code of Conduct_Jan 2023_FINAL.pdf
2023 AFSC Fieldwork SOPs,General Alaska Fisheries Science Center Safety Standard Operating Procedures for Fieldwork for FY23,./files/COVID SOP/AFSC general fieldwork SOPs FY23.pdf
AFSC Phone & Email lists,AFSC Email and Contact List,./files/Contact lists/AFSC_PHONE_EMAIL.pdf
AFSC Photo Consent Release,AFSC Photo Consent Release,./files/Social Media Policies/NMFS_Individual Release_Fillable.pdf
AFSC SASH Packet,AFSC Sexual Assault and Sexual Harassment Prevention Resource Packet,./files/Sexual Harassment/AFSC_SASH_packet_20230428.pdf
2023 AFSC Fieldwork SOP Summary,Summary of Alaska Fisheries Science Center Safety Standard Operating Procedures for Fieldwork FY23,./files/COVID SOP/AFSC_SOPs_summary_FY23.pdf
2022 AI Otolith Collection Deck Poster,Aleutian Islands Age Structure Collections Deck Poster,./files/Collections/Special Projects AI/2022/AI Otolith Poster.pdf
2022 AI Inventory List,2022 Aleutian Islands Survey Gear Packing List by Vessel,./files/Survey inventory lists/RSST Inventory/2022_AI_PrintedGearList.pdf
AI Tech Memos,Aleutian Islands Survey Report Technical Memorandums,./files/Manuals/past_tech_memos/AI Tech Memos/
2022 AI Survey Staffing,2022 Aleutian Islands Survey Staffing,./files/Staffing/2022 AI Vessel Staffing.pdf
AI/GOA Halibut LW Relationships,Length-weight relationships for Pacific halibut in the Gulf of Alaska and Aleutian Islands,./files/Collections/Updated Halibut LW Relationships/
AI/GOA Stomach Collections,Stomach collection and preservation sampling plan for the Gulf of Alaska 2023,./files/Collections/Stomachs/2023 GOA Stomach COLLECTIONS Sampling Plan.pdf
AI/GOA Stomach SCANs,Stomach collection and preservation sampling plan for the Gulf of Alaska 2023,./files/Collections/Stomachs/2023 GOA Stomach SCAN Sampling Plan.pdf
2023 AKK Inventory List,2023 Eastern Bering Sea Survey Gear Packing List (Alaska Knight),./files/Survey inventory lists/RSST Inventory/AKK_Where-is-it.pdf
2023 AKP Inventory List,2023 Gulf of Alaska Survey Gear Packing List (Alaska Provider),./files/Survey inventory lists/RSST Inventory/AKP_where-is-it.pdf
Survey Ops Manual (AI),Survey Operations Manual for the Aleutian Islands Survey,./files/Manuals/Survey operation manuals/2022 AI Scientific Operations Plan.pdf
Alkaline Batteries SDS,Product Safety Data Sheet for shipping Alkaline Battery,./files/Shipping-Hazmat/SDSpage_files/alkalinecylindrical_psds.pdf
All CTD Resources,CTD Resources Folder,./files/Manuals/CTD Manuals
All CTD Resources,CTD Resources Folder,./files/Manuals/CTD Manuals
EBS Special Projects PDFs,2023 Eastern Bering Sea Special Collections Folder,./files/Collections/Special Projects BS/2023/EBS/
NBS Special Projects PDFs,2023 Northern Bering Sea Special Collections Folder,./files/Collections/Special Projects BS/2023/NBS/
2023 Survey Contact List,Personnel phone and email contact list for all survey personnel,./files/Contact lists/Emergency Phone List 2023 RACE Groundfish.pdf
COVID-19 Prevention,Common COVID-19 Prevention Procedures,./files/COVID SOP/Appendix I_Common COVID-19 Prevention Procedures FY23.pdf
At-Sea Incident Report Form (fillable),Form for reporting at-sea injury and near miss incidents,./files/Safety/Accidents/At-Sea Incident Report Form_fillable.pdf
Beach Found or Trawl Caught Mammal Parts Form,Protected Beach Found or Trawl Caught Mammal Parts,./files/SpeciesID/protected_species/beachfound_or_trawlcaught_mammal_parts.pdf
Beaufort Scale Table,Beaufort force wind scale,./files/Manuals/Beaufort_Scale/Beaufort-scale-values-and-descriptions.png
Bedbugs,"Bed bug signs, precautions, and response",./files/Safety/BedBugPrimer_final.pdf
Beluga Citical Habitat,Map of Cook Inlet Beluga Whale Critical Habitat (Gulf of Alaska),./files/SpeciesID/protected_species/critical habitat/Cook Inlet Beluga Critical Habitat.jpg
Survey Ops Manual (EBS),Survey Operations Manual for the Eastern Bering Sea shelf survey,./files/Manuals/Survey operation manuals/Bering Sea Survey Ops Manual.pdf
COVID-19 Antigen Test Expiration,BinaxNow COVID-19 Antigen Test Expiration Date Extension Table,./files/COVID SOP/BinaxNOW-COVID-19-AgCard-Home-test-expirations 2023.pdf
BlueSoleil,BlueSoleil Bluetooth Software,./files/Manuals/TRENDnet_Bluetooth (BlueSoleil)/
Bottom contact sensor (BCS),Bottom contact sensor manuals and resources,./files/Manuals/Bottom contact sensor/
Polycorder Code Poster (EBS),EBS Polycoder Codes Poster,./files/Collections/Polycorder Poster 2020.pdf
EBS/NBS Stomach Collections,Stomach collection and preservation sampling plan for the Eastern and Northern Bering Sea 2023,./files/Collections/Stomachs/2023 EBS and NBS Shelf Stomach Sampling-REDUCED.pdf
BVDR Converter: Setup,BVDR Converter: Setup,./files/Manuals/BVDR_converter/BVDR convert set up.pdf
BVDR Converter: Setup 091415,BVDR Converter: Setup 091415,./files/Manuals/BVDR_converter/BVDR convert set upNEW091415.doc
BVDR Converter Files,BVDR Converter Files,./files/Manuals/BVDR_converter/
BVDR Converter: Readme,BVDR Converter: Readme,./files/Manuals/BVDR_converter/BVDR_convert_read_me.txt
BVDR Converter: Config file,Configuration file for the BVDR Converter,./files/Manuals/BVDR_converter/bvdr_path.cfg
BVDR Reader,BVDR Reader Program (BVDRReader.exe),./files/Manuals/BVDR_converter/BVDRReader.exe
BVDR Reader,BVDR Reader Program (BVDRReader.zip),./files/Manuals/BVDR_converter/BVDRReader.zip
CA-1 and CA-2 Instructions,Instructions for Employees to file a CA-1 or CA-2 in ECOMP,./files/Safety/Accidents/Filing CA-1 and CA-2 Employee Instructions.pdf
"CA-1 Form: Reporting an Accident, Injury, or Illness",Federal Employee's Notice of Traumatic Injury and Claim for Continuation of Pay/Compensation,./files/Safety/Accidents/Pay Compensation Form ca-1.pdf
CA-16 Form: Authorization for Treatment,Authorization for Examination and/or Treatment,./files/Safety/Accidents/CA_16_expires_2018_mar_2021.pdf
CA-2 Form: Report an Occupational Disease,Notice of Occupational Disease and Claim for Compensation,./files/Safety/Accidents/CA-2 Dept. of Labor Claim for Compensation.pdf
Caliper Digimatic Bluetooth Adapter Instructions,Caliper Digimatic Bluetooth Adapter Instructions,./files/Manuals/Bluetooth_devices/Caliper_Digimatic Bluetooth Adapter instructions.pdf
Calypso Software: Aliases,Calypso Aliases,./files/Manuals/Calypso_Wheelhouse/Calypso Software/Calypso_2017.1.aliases
Calypso Software: Calypso_2017.1.exe,Calypso executable (.exe),./files/Manuals/Calypso_Wheelhouse/Calypso Software/Calypso_2017.1.exe
Calypso Software: Calypso_2017.1.ini,Calypso .ini,./files/Manuals/Calypso_Wheelhouse/Calypso Software/Calypso_2017.1.ini
Care for Cold (Hypothermic) Patient,Hypothermia care and treatment,./files//Safety/CareForColdPatient.jpg
METIS Manuals and Documentatino,METIS Catch and Length Data Entry Instructions,./files/Manuals/Catch Data Entry/METIS Training Manuals and Documentation
Catch App Powerpoints,Tablet Catch Application Powerpoint Presentations,./files/Manuals/Apps Software/IntroToCatchApp MS Powerpoints/
Catch Form (Printable),Printable Deck Catch and Species Composition Form,./files/Collections/haul_catch_specimen_forms/catchforms/new_CATCH_FORM.pdf
"CD-137 Form: Report of Incident, Injury, Illness","Report of Incident, Injury, Illness, Motor Vehicle Accident, Property Damage, or Fatality Form",./files/Safety/Accidents/cd-137.pdf
CD-351 Form: Report of Safety hazard,Report of possible saftey/health hazard: Safety & Health Management Information,./files/Safety/Accidents/CD-351 report of Safety Hazard.pdf
CD-81 Form: OT Authorization,Authorization for paid overtime and/or holiday work and for compensatory overtime,./files/Timekeeping/CD-81 OT Authorization.pdf
Wheelhouse - Marport-SiRF GPS,Instructions for changing COM ports for Marport Server GPS NMEA,./files/Manuals/GPSs/SirfDemo fix/Change_GPScom1to2_marport_comp.pdf
Wheelhouse - Marport-SiRF GPS Boot Order,Instructions for changing COM ports for Marport Server GPS NMEA BOOT ORDER,./files/Manuals/GPSs/SirfDemo fix/Changing boot order.docx
Wheelhouse - Marport-SiRF GPS Boot Order,Changing Computer boot order (problem when USB drive plugged in when boot-up),./files/Manuals/GPSs/SirfDemo fix/Changing Computer boot order.docx
Wheelhouse - Marport-SiRF GPS Boot Order,Changing Computer boot order (problem when USB drive plugged in when boot-up),./files/Manuals/GPSs/SirfDemo fix/Changing_boot_order.pdf
Wheelhouse - Marport-SiRF GPS Switch COM Port,Instructions for changing Marport GPS comport (if COM1 “goes down”),./files/Manuals/GPSs/SirfDemo fix/Changing_COM_port.docx
Wheelhouse - Marport-SiRF GPS Switch COM Port,Instructions for changing Marport GPS comport (if COM1 “goes down”),./files/Manuals/GPSs/SirfDemo fix/Changing_COM_port.pdf
Chemical Handling for Voucher Collections,Chemical Handling Guidance v. 2019,./files/Collections/haul_catch_specimen_forms/catchforms/Preservation Procedures for Voucher Collection.pdf
Chemical Handling for Voucher Collections,Chemical Handling Guidance v. 2019,./files/Collections/haul_catch_specimen_forms/catchforms/Preservation Procedures for Voucher Collection.pdf
Chief Scientist & Deck Lead Manual v. 2007,Chief Scientist & Deck Lead Manual v. 2007,./files/Manuals/Survey operation manuals/Chief Scientist Manual07.pdf
Chief Scientist & Deck Lead Manual v. 2007,Chief Scientist & Deck Lead Manual v. 2007,./files/Manuals/Survey operation manuals/Chief Scientist Manual07.pdf
Cold (Hypothermic) Patient Assessment,Hypothermia patient assessment,./files//Safety/AssessColdPatient.jpg
Cold (Hypothermic) Patient Flow Chart,Hypothermia patient assessment and care flow chart,./files//Safety/ColdPatientFlowChart.jpg
Timekeeping: Comp Time for Travel & Credit Hours,Timekeeping: Comp Time for Travel & Credit Hours,./files/Timekeeping/Comp Time for Travel & Credit Hours.pdf
Timekeeping: Comp Time for Travel & Credit Hours,Timekeeping: Comp Time for Travel & Credit Hours,./files/Timekeeping/COMP TIME OFF FOR TRAVEL-Air-final.pdf
Timekeeping: Comp Time for Travel & Credit Hours,Timekeeping: Comp Time for Travel & Credit Hours,./files/Timekeeping/comptime_travel_guide.pdf
Mitigation Measures Cheat Sheet (2019),Protected Species Mitigation Measures Cheat Sheet: Assistance for Compliance with Federal conservation laws,./files/SpeciesID/protected_species/Training/2019_Compliance_Cheat_Sheet.pdf
Confined Space Form,Confined Space Assessment and Evaluation Form (2022),./files/Safety/confined space form 2022.xlsx
Contracts Folder,"Vessel, OSI, and Observer Contracts",./files/Permits contracts/Contracts
BVDR Converter: convert_bvdr.exe,BVDR Converter software,./files/Manuals/BVDR_converter/convert_bvdr.exe
Ergonomic: Core and Back,Ergonomic Resource Library Core and Back,./files/Safety/Ergonomic Resource Library/Approved IPS Exercise Programs/NOAA Core and Back Program.pdf
Ergonomic: Core Stability,Ergonomic Resource Library: Core Stability,./files/Safety/Ergonomic Resource Library/Approved IPS Exercise Programs/NOAA Core Stability Approved Exercises.pdf
Crab App Powrpoints,Tablet Crab Application Powerpoint Presentations,./files/Manuals/Apps Software/Crab Application Training Powerpoints/
Cruise Announcement GOA 2023,Cruise Announcement Gulf of Alaska 2023,./files/Manuals/Survey operation manuals/Cruise Announcement GOA 2023.doc
CTD: Settings and Troubleshooting,Quick settings and troubleshooting guide for the SBE19plus V2 CTD,./files/Manuals/CTD Manuals/SBE19plus/CTD Settings and Troubleshooting.pdf
CTD Folder,Folder Containing CTD resources,./files/Manuals/CTD Manuals/
Dangerous Goods Declaration Form CFR49,Dangerous Goods Declearation Form for Hazardous Materials HAZMAT Shpping,./files/Shipping-Hazmat/Dangerous Goods Declaration - CFR49.pdf
Tablet Guides: Data Collection Output Locations by Application,Tablet Guides: Data Collection Output Locations by Application,./files/Manuals/Apps Software/ApplicationOutput.pdf
Deck Lead Training Checklist,Deck Lead Training Checklist,./files/Manuals/Survey operation manuals/back deck training sheet.pdf
Special Collection: 2023 Slope Tow Resources Folder,Special Collection: Slope Tow Resources Folder,./files/Collections/Special projects BS/2023/EBS/DeFilippo
Bridge Computer Setup Diagram,Bridge Computer Setup Diagram,./files/Manuals/Bridge_computers_setup/bridge computer setup.jpg
Dutch Harbor SIP Logistics,Dutch Harbor Shelter-in-place logistics,./files/Port info/Dutch Harbor SIP Logistics.pdf
Dutch Harbor SIP Logistics Resources,Dutch Harbor Shelter-in-place logistics resources,./files/Port info/Dutch Logistics 5-16-21.pdf
EBS and NBS Shelf Survey Tech Memo Folder,Eastern Bering Sea and Northern Bering Sea shelf survey data report technical memorandum,./files/Manuals/past_tech_memos/EBS shelf survey Tech Memos/
Survey Staffing: 2023 EBS and NBS,Eastern Bering Sea and Northern Bering Sea Survey Staffing Personnel List Spreadsheet,./files/Staffing/2023_EBS_NBS_Survey_Schedule_05022023.pdf
EBS Otolith Collection Deck Poster 2023,Eastern Bering Sea Age Structure Collections Deck Poster,./files/Collections/Special Projects BS/2023/EBS/EBS.pdf
FPC Serialized Gear Tracking Inventory EBS and GOA,Serialized inventory list for FPC filebox,./files/Survey inventory lists/RSST Inventory/FY23 EBS GOA Serialized Gear Requests - Google Sheets.pdf
EBS FPC file box inventory,EBS FPC filebox inventory,./files/Survey inventory lists/RSST Inventory/FY23 EBS FPC File Box Gear Requests - Google Sheets.pdf
EBS Inventory List 2023,2023 Eastern Bering Sea Survey Gear Packing List,./files/Survey inventory lists/RSST Inventory/FY23 EBS Gear Requests - Google Sheets.pdf
EBS Port Guide 2023,2023 EBS Port Guide,./files/Port info/EBS Port Guide 2023.pdf
EBS Port Guide 2023,2023 EBS Port Guide,./files/Port info/EBS Port Guide 2023.pdf
EBS scope table,Scope table for wire out (EBS),./files/Manuals/Survey operation manuals/EBS Scope Table.pdf
EBS Slope Tech Memos Folder,Eastern Bering Sea Slope survey data report technical memorandum,./files/manuals/past_tech_memos/EBS slope survey Tech Memos/
EBS/NBS Survey Contingency Plan 2023,Contingency plan for survey stations to drop,./files/Manuals/Survey operation manuals/2023 EBS_NBS Survey Contingency Plan.pdf
RACE/REFM Emergency Information Form,Emergency Contact Form for survey participants,./files/Safety/Emergency contact form.pdf
Emergency Notification Plan,RACE Field Divisions Emergency Notification Form,./files/Safety/Accidents/EMERGENCY NOTIFICATION PLAN.pdf
Emergency Notification Plan,RACE Field Divisions Emergency Notification Form,./files/Safety/Accidents/EMERGENCY NOTIFICATION PLAN.pdf
Ergonomic Educational Resource Library,Ergonomic Educational Resource Library,./docs/Safety_Ergonomic_Resource_Library.html
Ergonomic Trainings Recordings,Video recordings of ergonomic training,./files/Safety/Ergonomic Resource Library/Ergonomic Training Recordings/
ES60 Folder,Simrad ES-60 echosounder acoustic resources folder (MACE) calibration,./files/Collections/ES60/
Visual Sighting Navigation to Estimate Distance,Visual Sighting Navigation to Estimate Distance,./files/Safety/Estimating Distance Off _ BoatUS.pdf
GAPsurvey: Code examples script,GAP Survey R Package example scripts for using main functions,./files/Manuals/R/GAPsurvey/example_script.R
Fieldwork Initiative Training (FISST) slides,Fieldwork Initiative sexual assault and sexual harassment prevention and response training,./files/Sexual Harassment/noaa FISST.pdf
"Microsoft Office File Format Converter (xlsx, docx)",Program to convert xlsx and docx files to older MS Office formats,./files/Software/docx_xlsx_file_converter
Flight Itineraries Folder,Flight schedules for survey participants personnel scientists,./docs/Personnel_Flight_Itineraries.html
Ergonomic: Foam Roller Use,Foam roller instructions from Rising Workplace training,./files/Safety/Ergonomic Resource Library/Approved IPS Exercise Programs/NOAA Foam Roller Approved Exercises.pdf
Form OPM 71: Request for Leave or Approved Absence,Form OPM 71: Request for Leave or Approved Absence,./files/Timekeeping/opm71.pdf
ES60 Forms Folder,"Forms for ES60 calibration, settings, parameter changes",./files/Collections/ES60/ES60 forms/
Fuel Purchase Form,Vessel Fuel Purchase for for FPC,./files/Purchase/Fuel Purchase Form.pdf
GAPsurvey: Instructions and Documentation,,./files/Manuals/R/GAPsurvey/docs/index.html
GAPsurvey: Software and scripts,Software and scripts for the GAPsurvey R package,./docs/software_r_software_&_scripts.html
GAPsurvey: Software and scripts,Software and scripts for the GAPsurvey R package,./docs/software_r_software_&_scripts.html
GAPsurvey: Package source file,Installation file for GAPsurvey package in a tar.gz,./files/Manuals/R/GAPsurvey/GAPsurvey_2023.04.01.tar.gz
Gear Codebook 2023,RACE Survey Gear Codebook code book,./files/SpeciesID/2023 Data Codes & Forms_FINAL.pdf
Gear Codebook 2023,RACE Survey Gear Codebook code book,./files/SpeciesID/2023 Data Codes & Forms_FINAL.pdf
GIS Training Slides,Instructions for using ArcGIS ArcMap at sea,./files/Station info/GIS_Training_2019.pdf
Globe Folder,Folder containing Globe resources,./files/Manuals/globe/
Globe software,Folder containing software and drivers for Globe,./files/Manuals/globe/Software
Glycerol/Thymol Recipe,Instructions for mixing glycerol/thymol otolith juice,./files/Collections/Otoliths/GlycerolThymol.pdf
2023 GOA Otolith Collection Deck Poster,Gulf of Alaska Age Structure Collections Deck Poster,./files/Collections/Special Projects GOA/2023/GOA.pdf
COVID Shelter in place (SIP) guide,Shelter-in-place guide for EBS and GOA surveys,./files/Port info/Shelter in Place Guide.pdf
GOA Fuel Vendors 2023,Information about Seacard Vendors for the 2023 Gulf of Alaska Survey,./files/Purchase/Fuel for GOA boats.pdf
GOA Inventory List 2023,2023 Gulf of Alaska Survey Gear Packing List,./files/Survey inventory lists/RSST Inventory/FY23 GOA Gear Requests - Google Sheets.pdf
GOA Port Guide 2023,2023 GOA Port Guide,./files/Port info/GOA Port Guide 2023.pdf
GOA Port Guide 2023,2023 GOA Port Guide,./files/Port info/GOA Port Guide 2023.pdf
GOA RACEBASE database,GOA racebase Access database (.mdb),./files/manuals/racebase/GOA RACEBASE.mdb
GOA Tech Memos Folder,Gulf of Alaska survey data report technical memorandum,./files/Manuals/past_tech_memos/GOA Tech Memos/
GOA SSL Mitigation,Avoidance Avoiding Stellar Sea Lion protected areas in the Gulf of Alaska,./files/SpeciesID/protected_species/Training/GOA 2021 SSL Avoidance.pdf
Survey Staffing: 2023 GOA,,./files/Staffing/GOA Vessel Staffing 2023.pdf
GOA/AI Polycoder Codes Poster,GOA/AI Polycoder Codes Poster,./files/Collections/Length Placard 2022_GOA_AI.pdf
GOA/AI scope table,Scope table for wire out (GOA/AI),./files/Manuals/Survey operation manuals/AI GOA Scope table.pdf
GPS: Kickstart guide,Troubleshooting if the GPS stops working,./files/Manuals/GPSs/GPS_kickstart.pdf
GPS Folder,GPS manuals and resources,./files/Manuals/GPSs/
Guidelines for Post-Cruise Data Handling (mostly outdated),Guidelines for Post-Cruise Data Handling (mostly outdated),./files/Manuals/Catch Data Entry/DataHandlingMan2011.pdf
GOA Ops Manual,Gulf of Alaska Survey Operations Manual,./files/Manuals/Survey operation manuals/2023 GOA Scientific Operations Plan.pdf
Ergonomic: Hand and wrist exercises,Hand and wrist exercies from Rising Workplace Training,./files/Safety/Ergonomic Resource Library/Approved IPS Exercise Programs/NOAA Hand and Wrist Approved Exercises.pdf
Ergonomic: Safe Lifting and Handling,Safe lifting and handling procedures from Rising Workplace Training,./files/Safety/Ergonomic Resource Library/Handout - Safe Lifting and Handling Tips.pdf
Ergonomic: Tips for working remotely,Tips for working remotely from Rising Workplace Training,./files/Safety/Ergonomic Resource Library/Handout- Ergo Tips for Working Remotely.pdf
Ergonomic: Lifting techniques,Proper lifting techniques from Rising Workplace Training,./files/Safety/Ergonomic Resource Library/Handout-Proper-Lifting-Techniques TRW.pdf
Sexual Harassment Brief Training 2023,Sexual Harssment Vessel Briefing 2023,./files/Sexual Harassment/Harassment_vessel_briefing_2023.pptx
Haul forms,Haul forms for FPCs,./files/Collections/haul_catch_specimen_forms/haulforms
HAZMAT Items NOT to pack,Do not pack these Dangerous Goods for shipping,./files/Shipping-Hazmat/Do not pack these Dangerous Goods.pdf
HAZMAT Shipping Guidelines,Shipping guidelines for dangerous goods,./files/Shipping-Hazmat/hazmat_shipping_guide.pdf
Headphones Manual Folder,Manuals for Bluetooth headphones,./files/Manuals/Bluetooth_Devices/Headphones/
GAPsurvey: Historical catch data,Instructions for viewing historical catch data from surveys using the GAPsurvey R package,./files/Manuals/R/GAPsurvey/docs/reference/get_catch_haul_history.html
BCS Resources Folder,HOBO Lite Bottom Contact Sensor (BCS) resources folder,./files/Manuals/Bottom contact sensor
Cod and pollock data condition data sheet,Fish condition fatmeter data collection sheet form,./files/Collections/cod data collection sheet.pdf
Tablet Guides: Install and Uninstall,How to install and uninstall tablet applications apps,./files/Manuals/Apps Software/IntroToCatchApp MS Powerpoints/InstallUninstallApps.pdf
Wheelhouse: Installation,How to install Wheelhouse updates,./files/Manuals/Calypso_Wheelhouse/Wheelhouse update/Wheelhouse_installing_updates.pdf
Wheelhouse: Log a haul,How to log a haul with Wheelhouse and Calypso (updated 2022-08-12),./files/Manuals/Calypso_Wheelhouse/Log hauls during survey.pdf
Printer Drivers,HP1006 Printer Drivers,./files/Software/HP1006_drivers
Hyperterm ,Hyperterm software for Windows 7,./files/Software/Hyperterm
ID Automation HC39M Code 39 Barcode (ttf), Barcode font file (.ttf),./files/Manuals/Bluetooth_Devices/Barcodes/IDAutomationHC39M Code 39 Barcode.ttf
"Incident, Illness, Accident & EMERGENCY Flow Chart","Incident, Illness, Accident & EMERGENCY Flow Chart",../files/Safety/Accidents/Accidents.pdf
Wheelhouse: Insert GIDES data,,./files/Manuals/Calypso_Wheelhouse/InstructionsforExtractingGIDESdatatoInsertintoWHEELHOUSE.docx
Inter-leg Communication Log,AFSC RACE Groundfish Survey Inter-Leg Communcation Log,./files/Manuals/miscellaneous/Inter-Leg Communication Log.pdf
IPHC Sampling Manual,International Pacific Halibut Commission Sampling Manual,./files/Collections/Special Projects BS/2023/IPHC Sampling Manual- NOAA Trawl Survey (2023).pdf
Tablet Guides: Length and Specimen App Handbook,Length and Specimen Appplication Apps Handbook,./files/Manuals/Apps Software/20200401_Length and Specimen App Handbook.pdf
Length and specimen barcodes,Length and Specimen Tab Barcodes 5/2017 (xlsx),./files/Manuals/Bluetooth_Devices/Barcodes/LENG & SPEC TAB barcodes 2017 May.xlsx
Length App Barcodes,Length Application Apps barcode,./files/Manuals/Bluetooth_Devices/Barcodes/LENGTH App barcodes v2017.pdf
Light meter instructions,Wildlife Computers MK9 Archival Tag Light Meter deployment and packing instructions,./files/Manuals/Light meters/Wildlife Computers MK9 Stan/Light meter instuctions 2018.pdf
Light meter folder,Wildlife Computers MK9 Archival Tag Resources and Software Folder,./files/Manuals/Light meters
Calypso lvanlys.dll,Calypso lvanlys.dll,./files/Manuals/Calypso_Wheelhouse/Calypso Software/lvanlys.dll
Tablet Guides: Length and Specimen App Handbook,Length and Specimen Appplication Apps Handbook,./files/Manuals/Apps Software/Length_SpecimenAppHandbook_v20200115.pdf
Marel Scale Calibration,Folder with Marel scale manuals,./files/manuals/MAREL_scales/
Marine Mammal Data Collection,Marine mammal data collection slides from protected species training,./files/SpeciesID/protected_species/Training/MARINE MAMMALS_Survey.pptx
Marine mammal parts sampling,Marine mammal parts sampling instructions from protected species training,./files/SpeciesID/protected_species/Training/marine mammal parts sampling.pdf
Marine mammal sighting form (page 1),Marine mammal sighting form (page 1),./files/SpeciesID/protected_species/Forms/MM POP form_Page_1.jpg
Marine mammal sighting form (page 2),Marine mammal sighting form (page 2),./files/SpeciesID/protected_species/Forms/MM POP form_Page_2.jpg
Marine mammal tissue sampling,Marine mammal tissue sampling instructions from protected species training,./files/SpeciesID/protected_species/Training/Marine Mammal Tissue Sampling.docx
Marport Folder,Marport resources,./files/Manuals/MARPORT/
Marport Quick Reference Guide,Marport Quick Reference Guide,./files/Manuals/MARPORT/Quick_reference_marport.pdf
Cod tagging protocols,McDermott's cod satellitetagging special collections protocols,./files/Collections/Cod tagging/PCod Tagging Protocol groundfish survey 2023_final.pdf
Cod tagging training video,McDermott's cod satellite tagging special collections video,./files/Collections/Cod tagging/PCOD Sat tagging video.MP4
Mesa 3 Tablet Tutorial,Mesa 3 Tablet Tutorial,./files/Manuals/Bluetooth_Devices/Mesa 3 tutorial.pdf
Metis Manuals Folder,"Metis training, documentation, and resources",./files/Manuals/Catch Data Entry/METIS Training Manuals and Documentation/
Metis: Directory Setup,Required directories and control files for Metis,./files/Manuals/Catch Data Entry/METIS PC Required Directories and Control Files/
Metis: Oracle Apex End User Guide,Oracle Apex end user guide for Metis,./files/Manuals/Catch Data Entry/oracle-apex-end-users-guide.pdf
AI Minimum Length/sex sampling,Minimum haul sex and length subsample sizes for the Aleutian Islands,./files/Manuals/Survey operation manuals/Min length and sex per haul clc.pdf
Protected Species Mitigation Measures Manual 2022,2022 Operational Mitigation Measures and Handling Procedures for Fisheries Research Conducted and Funded by the Alaska Fisheries Science Center and the International Pacific Halibut Commission,./files/SpeciesID/protected_species/Training/Manual Mitigation Measures January 2022.docx
Protected Species Mitigation Measures Manual 2020,2020 Operational Mitigation Measures and Handling Procedures for Fisheries Research Conducted and Funded by the Alaska Fisheries Science Center and the International Pacific Halibut Commission,./files/SpeciesID/protected_species/Training/Operations Manual Mitigation Measures April 2020.pdf
Protected Species Mitigation Measures Quick View,2023 Protected Species Mitigation Measures Quick View Slides,./files/SpeciesID/protected_species/Training/Quick View_v2022 aka what you need to know in the field.pptx
Protected Species Mitigation Measures Training 2023,2023 Protected Species Mitigation Measures Training Slides,./files/SpeciesID/protected_species/Training/2023 Mit Measures Training AFSC.pptx
Protected Species Mitigation Measures Monitoring Log,2023 Protected Species Mitigation Measures Monitoring Spreadsheet,./files/SpeciesID/protected_species/Forms/Monitoring Log_all surveys.xlsx
Scales: Load Cell Manuals,MSI Load Cell Crane Scale Manuals Folder,./files/Manuals/MSI_loadcells_cranescales/
2023 NBS Otolith Collection Deck Poster,Northern Bering Sea Age Structure Collections Deck Poster,./files/Collections/Special Projects BS/2023/NBS/NBS.pdf
NBS Scope Table,Scope table for wire out (NBS),./files/Manuals/Survey operation manuals/NBS Scope Table.pdf
Net Repair Resources Folder,Net Repair Resources Folder,./files/Net and wire maintenance/net_repair/
Net and Wire Maintenance Folder,Net and Wire Maintenance Folder,./files/Net and wire maintenance/
Net Repair Tracking Forms Folder,Net Repair Tracking Forms Folder,./files/Net and wire maintenance/Net repair tracking forms/
Net Swapping Form,Net Swapping Form,./files/Net and wire maintenance/Net_repair/netswappingform.pdf
Network Time Sync,Network Time Sync Software,./files/Software/NetWork Time sync
Ergonomic: Newsletter - Back Pain Newsletter,Ergonomic: Newsletter - Back Pain Newsletter,./files/Safety/Ergonomic Resource Library/Newsletter - Back Pain.pdf
Ergonomic: Newsletter - Exercise for Injury Prevention,Ergonomic: Newsletter - Exercise for Injury Prevention,./files/Safety/Ergonomic Resource Library/Newsletter - Exercise for Injury Prevention.pdf
Ergonomic:  Newsletter - Hydration,Ergonomic:  Newsletter - Hydration,./files/Safety/Ergonomic Resource Library/Newsletter - Hydration.pdf
Ergonomic: Newsletter - Knee Injuries,Ergonomic: Newsletter - Knee Injuries,./files/Safety/Ergonomic Resource Library/Newsletter - Knee Injuries.pdf
Ergonomic: Newsletter - Shoulder Injuries,Ergonomic: Newsletter - Shoulder Injuries,./files/Safety/Ergonomic Resource Library/Newsletter - Shoulder Injury.pdf
Ergonomic: Newsletter - Sleep,Ergonomic: Newsletter - Sleep,./files/Safety/Ergonomic Resource Library/Newsletter - Sleep.pdf
Ergonomic: Newsletter - The Benefits of Stretching,Ergonomic: Newsletter - The Benefits of Stretching,./files/Safety/Ergonomic Resource Library/Newsletter - The Benefits of Stretching.pdf
Blue Soleil Folder,"BlueSoleil Manuals, Software, and Resources",./files/Manuals/Bluetooth_Devices/20191230_Nexus (specimen) tablet pair to CATCH COMPUTER.pdf
Pairing Nexus Tablet to Catch Computer,Pairing Nexus tablets to Catch Computer using BlueSoleil Bluetooth,./files/Manuals/Apps Software/2018.05.22 Nexus settings and pairing.pdf
Tablets specimen folder,Nexus specimen file transfer,./files/Manuals/Bluetooth_Devices/Nexus (specimen) file transfer.pdf
Net Resources Directory Foyder,NM Folder Tools,./files/Manuals/NM/
Ergonomic: NOAA Body Mechanics Training,Ergonomic: NOAA Body Mechanics Training,./files/Safety/Ergonomic Resource Library/NOAA Body Mechanics Training 2023.pdf
Ergonomic: NOAA Ergo Infographic,Ergonomic: NOAA Ergo Infographic,./files/Safety/Ergonomic Resource Library/NOAA Ergo Infographic.pdf
Ergonomic: NOAA Injury Prevention Program Training,Ergonomic: NOAA Injury Prevention Program Training,./files/Safety/Ergonomic Resource Library/NOAA Injury Prevention Program Training.pdf
"Trawl Operations Manual (Stauffer, 2003)","Trawl Operations Manual (Stauffer, 2003)",./files/Manuals/Survey operation manuals/NOAA trawl protocols.pdf
Psychological Safety,SAFER in the Field,./files/Safety/Psychological safety/NOAA Psychological Safety.pdf
Ergonomic: NOAA Warmup Program,Ergonomic: NOAA Warmup Program,./files/Safety/Ergonomic Resource Library/NOAA Warm Up Program Handout.pdf
Critical Habitats: Directory Setup,North Pacific Right Whale Critical Habitat (.jpg),./files/SpeciesID/protected_species/critical habitat/NPRW Critical Habitat.jpg
2023 NWX Inventory List,2023 Eastern Bering Sea Survey Gear Packing List (Northwest Explorer/NWE),./files/Survey inventory lists/RSST Inventory/NWX_where-is-it.pdf
2023 OEX Inventory List,2023 Gulf of Alaska Survey Gear Packing List (Ocean Explorer),./files/Survey inventory lists/RSST Inventory/OEX_where-is-it.pdf
Olex and Open CPN Files,Navigation files (charts) for Olex and OpenCPN,./files/Manuals/Olex and OpenCPN/
OMAO Harassment Video: Fostering a Respectful Work Environment ,OMAO Harassment Video: Fostering a Respectful Work Environment ,./files/Sexual Harassment/Fostering a Respectful Work Environment.mp4
OSI (Purchase Order) PO & Job Service Numbers,OSI (Purchase Order) PO & Job Service Numbers,./files/Permits contracts/Contracts/2023 AFSC OSI job service requests.pdf
Packing Inventory Folder,"Packing inventory lists for first aid, back deck supplies, nets",./files/Survey inventory lists
Purchasing and Tax Exemption Folder,"Folder with forms for tax exemption, car/vehicle rental, hotel tax exemption, fuel purchasing",./files/purchase/
Otolith Label Maker,Otolith vial label tags,./files/Collections/Otoliths/Otolith Label Maker.xls
Pacific SpacePort rocket launch,"Pacific SpacePort rocket launch calendar; PDF may be out of date; use website if connection allows (select ""integrated Range Calendar"")",./files/Station info/Rocket launch schedule 2023.pdf
Permits Folder,Sampling and protected species permits,./files/Permits contracts/Permits
Ergonomic: Physitrack - Acute Lower Back Pain,Ergonomic: Physitrack - Acute Lower Back Pain,./files/Safety/Ergonomic Resource Library/Physitrack - Acute back pain education.pdf
Ergonomic: Physitrack - Acute soft tissue injury education,Ergonomic: Physitrack - Acute soft tissue injury education,./files/Safety/Ergonomic Resource Library/Physitrack - Acute soft tissue injury education.pdf
Ergonomic: Physitrack - Dealing with Stress,Ergonomic: Physitrack - Dealing with Stress,./files/Safety/Ergonomic Resource Library/Physitrack - Dealing_with_stress education.pdf
Ergonomic: Lifting and moving heavy objects education,Ergonomic: Lifting and moving heavy objects education,./files/Safety/Ergonomic Resource Library/Physitrack - Lifting and moving heavy objects education.pdf
Ergonomic: Physitrack - Netural Wrist Position Education,Ergonomic: Physitrack - Netural Wrist Position Education,./files/Safety/Ergonomic Resource Library/Physitrack - Neutral wrist position education.pdf
PLB Manual,ACR Personal Locator Beacon EPIRB Product Support Manual,./files/Safety/EPIRBs/aquafix_aquafixman.pdf
Polycorder Barcodes v. 2009,Polycorder Barcodes v. 2009,./files/Manuals/Bluetooth_Devices/Barcodes/polycorder_barcodes_v2009.pdf
Polycorder Code List (Alphabetical),Polycorder Code List (Alphabetical),./files/Collections/GOA_BS poly complete alpha_2017.pdf
Polycorder Code List (Complete -- Alphabetical and Numerical),Polycorder Code List (Complete -- Alphabetical and Numerical),./files/Collections/GOA_BS poly complete both_2017.pdf
Polycorder Code List (Numerical),Polycorder Code List (Numerical),./files/Collections/GOA_BS poly complete num_2017.pdf
Portfolio Photo Management Software Instructions,Portfolio Photo Management Software Instructions,./files/manuals/Portfolio/Portfolio Photo Management Software Instructions.pdf
Portfolio Photo Management Software Instructions,Portfolio Photo Management Software Instructions,./files/manuals/Portfolio/Portfolio Photo Management Software Instructions.pdf
Training Folder,Training Folder,./files/Trainings/
Protected Species Mitigation Measures species Fcpdee,,./files/SpeciesID/protected_species/Forms/AFSC Research Protected Species Encounter Form_final_2020.pdf
Protected Species Mitigation Measures species Fcpdee,,./files/SpeciesID/protected_species/Forms/AFSC Research Protected Species Handling Form_final_2020.pdf
Protected Species Mitigation Measures species Fcpdee,,./files/SpeciesID/protected_species/Forms/Form_AFSC_protected species incident form.pdf
Protected Species Mitigation Measures Species Fcpdee,,./files/SpeciesID/protected_species/Mitigation Kit
Protected Species Permits,Protected Species Permits,./files/Permits contracts/Permits/Protected Species/
Purchasing and Tax Exemption Folder,"Folder with forms for tax exemption, car/vehicle rental, hotel tax exemption, fuel purchasing",./files/Purchase/
Running Wheelhouse and Calypso (EBS Guide),"Pushbutton Guide to Running Wheelhouse and Calypso During Bering Sea Surveys followed by Quick Reference Guide for Running Marport, Wheelhouse, and Calypso",./files/Manuals/Calypso_Wheelhouse/WheelhouseStepByStep&QuickRef.pdf
Tablet Troubleshooting Guide,Troubleshooting guide to help fix tablet problems,./files/Manuals/Bluetooth_Devices/Help!_Combined.pdf
"R, R Studio, and Rtools software","R, R Studio, and Rtools software",./files/Manuals/R/R Program
RACE at-sea T&A readme,Overtime requests and at-sea time keeping information,./files/Timekeeping/RACE AT SEA T&A READ ME.pdf
RACE at-sea time-sheet,RACE Division timekeeping sheet for sea-going operations,./files/Timekeeping/RACE AT SEA T&A 2023 Spreadsheet.xlsx
RACE Vessel Contact Info,Contact information for survey vessels and vessel contacts,./files/Contact lists/BT_Survey_Vessel_Contacts_2023.pdf
Random Numbers sheet,Random Numbers sheet,./files/Collections/haul_catch_specimen_forms/RandomNumbers.pdf
BVDR Convert Setup (July 2019),Instructions for setting up convert_bvdr.exe for converter,./files/Manuals/BVDR_converter/READ ME - BVDR convert set upNEW20190718.txt
Reporting Harassment at NOAA (email),Reporting Harassment at NOAA (email),./files/Sexual Harassment/Reporting Harassment at NOAA.pdf
AFSC Harssment Reporting Flowchart and Reporting Table,Harssment Reporting Flowchart and Reporting Table,./files/Sexual Harassment/Harassment Reporting _JR-PI_3.29.pdf
CTD: SeaBird SBE19plus V2 Manuals,CTD: SeaBird SBE19plus V2 Manuals,./files/Manuals/CTD Manuals/SBE19plus
WVPR Psychological Safety Handout,WVPR Psychological Safety Handout,./files/Safety/Psychological safety/WVPR Resource Webinar Handout.pdf
Rohan's CTD pH/DO sensor calibration protocol,Rohan's CTD pH/DO sensor calibration protocol,./files/Manuals/CTD Manuals/SBE19plus/CTD pH calibration protocol.pdf
Charter Vessel Safety Briefing Form,Charter Vessel Safety Briefing Form for safety orientation at the beginning of the leg,./files/Safety/Safety Briefing form.pdf
Charter Vessel Safety Drill Reporting Form,Charter Vessel Safety Drill Reporting Form to be completed after the safety drill,./files/Safety/Safetydrillform.pdf
Safety Evaluation Form,End of leg safety evaluation form,./files/Safety/Safety Evaluation Form.pdf
"Safety Leader instructions, checklists, and forms",Instructions and checklist for safety lead to complete during safety orientation at the beginning of the leg,./files/Safety/Safety Leader duties and checklist.pdf
Safety leader recording form,"Safety Leader's At Sea Personnel Recording Form for tracking ergonomic injuries, sea sickness, etc.",./files/Safety/Safety Leader Personnel Recording Form Fillable.pdf
Safety Manual,At-Sea Survey Safety Manual,./files/Safety/At-Sea Safety Manual 2023_ver040123.pdf
Pairing Samsung Tablet to Catch Computer,Pairing Samsung tablets to Catch Computer using BlueSoleil Bluetooth,./files/Manuals/Bluetooth_Devices/20191230_Samsung (length) tablet pair to CATCH COMPUTER.pdf
Setting up Length App on Samsung tablets,Setting up Length App on Samsung tablets,./files/Manuals/Apps Software/2018.05.22 Samsung Tab A settings and pairing.pdf
Length app file transfer on a Samsung Tablet,Length app file transfer on a Samsung Tablet,./files/Manuals/Bluetooth_Devices/Samsung (length) file transfer.pdf
Samsung Galaxy Tab A7 Lite Tablet User Manual,Samsung Galaxy Tab A7 Lite Tablet User Manual,./files/Manuals/Apps Software/SAM_T220_T227_EN_UM_OS13_042123_FINAL.pdf
SAP Bering Sea Special Project Matrix Deck Poster,SAP Bering Sea Special Project Matrix Deck Poster,./files/Collections/Special Projects BS/2023/2023 SAP EBS Special Projects Matrix deck poster.pdf
SASH - Sexual Assault & Harassment Policy (DAO 202-1106),SASH - Sexual Assault & Harassment Policy (DAO 202-1106),./files/Sexual Harassment/Sexual_Assault_Harassment_AdminOrder.pdf
SASH Hotline,NOAA Sexual Assault and Sexual Harassment Hotline,./files/Sexual Harassment/Sexual (SASH) Helpline.pdf
SASH Video,SASH Video,./files/Sexual Harassment/Sexual Harrassment.mp4
CTD: SeaBird SBE19plus V2 Resources,Software and manuals for SBE19plus CTD,./files/Manuals/CTD Manuals/SBE19plus/
CTD: SeaBird SBE19plus V2 Manuals,,./files/Manuals/CTD Manuals/SBE19plus/
SBE39 Manuals,Manuals for the SBE39 bathythermograph MBT BT,./files/Manuals/CTD Manuals/SBE39/
Scanmar hydrophone bridge setup,Scanmar hydrophone bridge setup,./files/Manuals/Scanmar/OEx/
Scope versus RAPP table,Printable table for referencing scope and RAPP counter,./files/Manuals/Survey operation manuals/Scope_vs_RAPP_counts.xls
Marport Command View - MBAR Settings,Screenshot of Marport settings: Command View - MBAR Control Panel,./files/Manuals/SCREENSHOTS/AK_Knight_screenshot_mbar_controls_2015.png
Marport Command View - Net Mensuration Settings,Screenshot of Marport settings: Command View - Net Mensuration,./files/Manuals/SCREENSHOTS/AK_Knight_screenshot_MARPORT_COMM_viewafsc_2015.png
Marport Commander NMEA Output,Screenshot of Marport settings: Marport Commander - NMEA output,./files/Manuals/SCREENSHOTS/AK_Knight_screenshot_MARPORT_COMM_gps_nmea_2015.png
SDS Bouin's Fixative,SDS Bouin's Fixative,./files/Shipping-Hazmat/SDSpage_files/SDS_Bouins_Solution.pdf
SDS Ethanol 100%,SDS Ethanol 100%,./files/Shipping-Hazmat/SDSpage_files/SDS 200 Proof Ethanol- Anhydrous.pdf
SDS Ethanol 70%,SDS Ethanol 70%,./files/Shipping-Hazmat/SDSpage_files/SDS Ethanol 140 proof.pdf
SDS Ethanol 95%,SDS Ethanol 95%,./files/Shipping-Hazmat/SDSpage_files/SDS Ethanol 190 proof.pdf
SDS Formaldehyde,SDS Formaldehyde,./files/Shipping-Hazmat/SDSpage_files/SDS Formaldehyde Solution.pdf
SDS Formalin 10%,SDS Formalin 10%,./files/Shipping-Hazmat/SDSpage_files/SDS Formalin Solution_neutral buffered_10%.pdf
SDS Glycerin,SDS Glycerin,./files/Shipping-Hazmat/SDSpage_files/SDS Glycerin.pdf
SDS Neutralex,SDS Neutralex,./files/Shipping-Hazmat/SDSpage_files/SDS Neutralex.pdf
SDS Permalite Epoxy Parts A and B,SDS Permalite Epoxy Parts A and B,./files/Shipping-Hazmat/SDSpage_files/DevCon 2-part epoxy MSDS.pdf
SDS Qiagen Allprotect Tissue Reagent,SDS Qiagen Allprotect Tissue Reagent,./files/Shipping-Hazmat/SDSpage_files/3028-AllprotectTissueReagent-en-US-US--1.00000.pdf
"SDS Reagent Alcohol, 70% v/v","SDS Reagent Alcohol, 70% v/v",./files/Shipping-Hazmat/SDSpage_files/SDS_70_Reagent_Acohol.pdf
SDS Thymol,SDS Thymol,./files/Shipping-Hazmat/SDSpage_files/SDS Thymol.pdf
SSL Rookery Map (.pdf),SSL Rookery Map,./files/SpeciesID/protected_species/critical habitat/2020AI_sealion_rookeries.pdf
Sea Otter Critical Habitat Fact Sheet,Sea Otter Critical Habitat Fact Sheet,./files/SpeciesID/protected_species/critical habitat/factsheet_seaotter.pdf
Sea Otter Critical Habitat Range (.jpg),Sea Otter Critical Habitat Range,./files/SpeciesID/protected_species/critical habitat/otter_range.jpg
CTD: Seabird Software for SBE19plus,Software for SBE19plus CTD,./files/Manuals/CTD Manuals/Seabird Programs/
CTD: Seabird Software for SBE19plus,Software for SBE19plus CTD,./files/Manuals/CTD Manuals/Seabird Programs/
Ergonomic: Self Massage,NOAA Self Massage Program from Rising Workplace,./files/Safety/Ergonomic Resource Library/Approved IPS Exercise Programs/NOAA Self Massage Approved Exercises.pdf
CTD: Deployment Protocols,SOP for setting the CTD,./files/Manuals/CTD Manuals/SBE19plus/CTD Setting SOPs.pdf
SF-91: Motor Vehicle Accident Report,Motor Vehicle Accident Report Form,./files/Safety/Accidents/SF-91.pdf
SF-94: Statement of Witness,Motor Vehicle Accident Statement of Witness Form,./files/Safety/Accidents/SF-94.pdf
"SF-95: Claim for damage, injury, or death","Claim for damage, injury, or death",./files/Safety/Accidents/sf95.pdf
SFTP Instructions (DAILY!),Instructions for daily SFTP backup,./files/Manuals/Calypso_Wheelhouse/SFTP instructions.pdf
HAZMAT Shipping Folder,HAZMAT Shipping Resources and Instructions,./files/Shipping-Hazmat/
Shipping pollock otoliths,Shipping of Pollock otoliths in Glycerin/thymol solution,./files/Shipping-Hazmat/Shipping of Pollock otoliths in Glycerin.pdf
SiRF Demo (Troubleshooting),Instructions for connecting SiRF to Marport Server,./files/Manuals/GPSs/SirfDemo fix/Sirf demo fix instr.pdf
SiRF Demo Software and Drivers,SiRF Demo Software and Drivers,./files/Manuals/GPSs
SiRF Demo User Guide,SiRF Demo User Guide,./files/Manuals/GPSs/SiRFDemo-User-Guide.pdf
Social Media Policy,Social Media Policy,./files/Social Media Policies/
2023 GOA Special Projects (Summary Table) Descriptions and Protocols,2023 GOA Special Projects (Summary Table) Descriptions and Protocols,./files/Collections/Special projects GOA/2023/GOA Project Summary.pdf
2022 AI Special Projects (Summary Table) Descriptions and Protocols,2022 AI Special Projects (Summary Table) Descriptions and Protocols,./files/Collections/Special Projects AI/2022/2022 AI Special Projects Table.pdf
Special Projects [AKP] Deck Poster,Special Projects [AKP] Deck Poster,./files/Collections/Special Projects GOA/2023/srvy_GOA-akp-gap.pdf
Special Projects [AKP] Deck Poster,Special Projects [AKP] Deck Poster,./files/Collections/Special Projects AI/2022/AI Special Projects AK Provider.pdf
Special Projects [OEX] Deck Poster,Special Projects [OEX] Deck Poster,./files/Collections/Special Projects GOA/2023/srvy_GOA-oex-gap.pdf
Special Projects [OEX] Deck Poster,Special Projects [OEX] Deck Poster,./files/Collections/Special Projects AI/2022/AI Special Projects OEX.pdf
Special Projects Alaska Knight Deck Poster,Special Projects Alaska Knight Deck Poster,./files/Collections/Special Projects BS/2023/EBS/srvy_EBS-akk-gap.pdf
Special Projects Alaska Knight Deck Poster,Special Projects Alaska Knight Deck Poster,./files/Collections/Special Projects BS/2023/NBS/srvy_NBS-akk-gap.pdf
Special Projects Descriptions and Protocols,Special Projects Descriptions and Protocols,./files/Collections/Special Projects GOA/2023/
Special Projects Descriptions and Protocols,Special Projects Descriptions and Protocols,./files/Collections/Special Projects AI/2022/Special Projects Full Description
Special Projects Northwest Explorer Deck Poster,Special Projects Northwest Explorer Deck Poster,./files/Collections/Special Projects BS/2023/EBS/srvy_EBS-nwe-gap.pdf
Special Projects Northwest Explorer Deck Poster,Special Projects Northwest Explorer Deck Poster,./files/Collections/Special Projects BS/2023/NBS/srvy_NBS-nwe-gap.pdf
Species Codebook 2021,RACE Biological Species Code Guide,../files/SpeciesID/2023 SpeciesCodeManual-FINAL.pdf
RACE Species Code Book 2023,RACE Species Codebook 2023,./files/SpeciesID/2023 SpeciesCodeManual-FINAL.pdf
RACE Species Code Book 2023,RACE Species Codebook 2023,./files/SpeciesID/2023 SpeciesCodeManual-FINAL.pdf
Specimen App Barcodes,Specimen App Barcodes,./files/Manuals/Bluetooth_Devices/Barcodes/SPECIMEN App barcodes v2017.pdf
Specimen Form (printable),Specimen Form (printable),./files/Collections/haul_catch_specimen_forms/specimenforms/SPECIMEN_FORM.pdf
Specimen Label (printable),Specimen Label (printable),./files/Collections/haul_catch_specimen_forms/specimenforms/SPECIMEN_LABEL.pdf
Spectacled Eider Critical Habitat (jpg),Map of spectacled eider critical habitat in the NBS,./files/SpeciesID/protected_species/critical habitat/Spectacled Eider Critical Habitat.jpg
Sport Fishing Regulations,Sport Fishing Regulations by Location,./files/Port Info/Sport fishing regs
Mitigation Measures: SSL No-Transit Zone Conflicts,Stellar Sea Lion no-transit zone conflict resolution,./files/SpeciesID/protected_species/Training/SSL NTZ Conflict Instructions.docx
Catch Form (Printable),Catch Form (Printable),./files/Collections/haul_catch_specimen_forms/catchforms/CATCH_FORM.pdf
Standard Trawling Procedures Form,Standard Trawling Procedures Form,./files/Net and wire maintenance/Standard Trawling Procedures Form.pdf
GOA Station Log,GOA Station Log,./files/Station info/GOA/Station Logs
Station Progression Worksheet (2023 AKP),Station Progression Worksheet (2023 AKP),./files/Station info/GOA/Station Progression/StationProgressTool_AKP_2023.xlsx
Station Progression Worksheet (2023 OEX),Station Progression Worksheet (2023 OEX),./files/Station info/GOA/Station Progression/StationProgressTool_OEX_2023.xlsx
EBS & NBS Stations and Maps,EBS & NBS Stations and Maps and Charts,./files/Station info/EBS shelf
AI Stations and Maps,AI Stations and Maps and Charts,./files/Station info/AI
GOA Stations and Maps,GOA Stations and Maps and Charts,./files/Station info/GOA
Critical Habitats Eider,Stellers eider Critical habitat (jpg),./files/SpeciesID/protected_species/critical habitat/Stellers Eider critical habitat.jpg
Critical Habitats,W. Steller sea lion critical habitat (.jpg),./files/SpeciesID/protected_species/critical habitat/Western_Steller Sea Lion_critical habitat.jpg
Stomach App Resources Folder,Stomach App Resources Folder,./files/Collections/Stomachs/Stomach_App_Resources/
Stomach Sampling Protocol 2023,Stomach collection protocols presentation,./files/Collections/Stomachs/2023Stomach Collection.pdf
CTD: Uploading Data,Storing SBE19plus CTD data files at sea at the end of the day,./files/Manuals/CTD Manuals/SBE19plus/CTD Storage and Post-Processing.pdf
Survey operations manuals,Survey operations manuals,./files/Manuals/Survey operation manuals/
Tablet App .apks,Installation files for tablet applications,./files/Manuals/Apps Software/Tablet apk's
Allegations of Harassment Prohibited by Federal Law (DAO 202-955),Policy guiding managers and supervisors on harassment reporting actions and obligations,"./files/Sexual Harassment/Allegations_of_Harassment (sex_race,color_nationalorigin_age_religion_reprisal).pdf"
AKP Special Projects Tally Sheet AI 2022,,./files/Collections/Special Projects AI/2022/Tally AK Provider.pdf
OEX Special Projects Tally Sheet AI 2022,,./files/Collections/Special Projects AI/2022/Tally OEX.pdf
ES-60: 2023 EBS and NBS Protocols,ES60 Acoustic Protocols EBS/NBS 2023,./files/Collections/ES60/EBS_protocols_2023.pdf
ES-60: Replacing hard drive,ES60 Replacing hard drive,./files/Collections/ES60/ES60 Hard drive instructions.pdf
ES-60: Troubleshooting lock-up issue,Troubleshooting ES60 and ES70 lockup issue,./files/Collections/es60/GPTlockup-issue.pdf
ES-60: Skipper cheat sheet,ES60 Skipper Cheat sheet,./files/Collections/ES60/ES60_skippercheatsheet.pdf
ES-60: Vessel photos and downrigger locations,Vessel photos and diagrams to assist with calibration,./files/Collections/es60/photos
ES-60: 2023 GOA Protocols,ES60 Acoustic Protocols GOA 2023,./files/Collections/ES60/ES-60 Protocols_GOA2023.doc
Tide and Currents Software and Documentation,Tide and Currents Software and Documentation,./files/Manuals/Tides and Currents
Network Time Sync Software Overview,,./files/Software/NetWork Time sync/SOFTROS Time Sync.pdf
TimeZero Files,Navigation files (charts) for TimeZero,./files/Manuals/TimeZero/
Transferring Tablet Files using Blusoleil,,./files/Manuals/Bluetooth_Devices/Transferring Tablet Files Using BlueSoleil.pdf
Transferring Tablet Files using default bluetooth,,./files/Manuals/Bluetooth_Devices/Transferring Tablet Files Using Default Bluetooth Functionality.pdf
Tribuzio Sleeper Shark Sampling Data Sheet,Tribuzio Sleeper Shark Sampling Data Sheet,./files/Collections/DEAD Sleeper Shark sampling form with diagram.pdf
Tribuzio Sleeper Shark Sampling Procedure,Tribuzio Sleeper Shark Sampling Procedure,./files/Collections/Special projects BS/2023/Tribuzio protocol.pdf
CTD: SBE19plus At-Sea User Manual,CTD: SBE19plus User Manual,./files/Manuals/CTD Manuals/SBE19plus/SBE 19Plus At-Sea User Manual.pdf
Mitigation Measures: USFWS ESA Bird Encounter Form,Protected Species,./files/SpeciesID/protected_species/Birds and mammals/USFWS. ESA Bird Encounter Form.pdf
UW contractor injury report form,University of Washington contractor injury report form stomach collector,./files/Safety/Accidents/UW_accident-incident_report.pdf
Vessel Crew List 2023,Vessel Crew List 2023,./files/Staffing/GAP Survey Vessel Crew 2023 .pdf
Vessel Safety Checklist,Vessel Safety Checklist for pre-cruise inspection,./files/Safety/FV_Safety_checklist.pdf
Volumetric basket weight calculations,Volumetric basket weight calculations,./files/Collections/Basket weight calcs/
Volumetric Sampling Example (from AI 2022 OEX),Volumetric Sampling Example (from AI 2022 OEX),./files/Collections/haul_catch_specimen_forms/catchforms/Volumetric Haul 201 Example.xlsx
Volumetric Sampling Form,Volumetric Sampling Form,./files/Collections/haul_catch_specimen_forms/catchforms/Volumetric_Sampling_Form.pdf
Volunteer service agreement,Volunteer service agreement,./files/Safety/Accidents/Volunteer Agreement - non-student.pdf
Voucher Collection and Preservation Procedures,Voucher Collection and Preservation Procedures,./files/Collections/haul_catch_specimen_forms/catchforms/Preservation Procedures for Voucher Collection.pdf
Voucher Collection and Preservation Procedures,Voucher Collection and Preservation Procedures,./files/Collections/haul_catch_specimen_forms/catchforms/Preservation Procedures for Voucher Collection.pdf
Wand Pairing Barcodes,Wand Pairing Barcodes,./files/Manuals/Bluetooth_Devices/Barcodes/wand pairing barcodes.pub
Wand Pairing Concatenation Barcodes,Wand Pairing Concatenation Barcodes,./files/Manuals/Bluetooth_Devices/Barcodes/Wand pairing_concatenantion_barcodes.pdf
Wand Pairing Instructions,Wand Pairing Instructions,./files/Manuals/Bluetooth_Devices/wand pairing instructions 2021 new.pdf
Ergonomic: Pre-start stretching warmup,Ergonomic: Pre-start stretching warmup,./files/Safety/Ergonomic Resource Library/Approved IPS Exercise Programs/NOAA Warm Up Approved Exercises.pdf
Ergonomic: NOAA Warmup Program,Ergonomic: NOAA Warmup Program,./files/Safety/Ergonomic Resource Library/Approved IPS Exercise Programs/NOAA warm up program handout.pdf
Protected Species Mitigation Measures Watch Log,Protected Species Mitigation Measures Watch Log,./files/SpeciesID/protected_species/Forms/Watch Log_all surveys.xlsx
Wheelhouse and Calypso Manual v2023.1,Wheelhouse and Calypso Manual v2023.1,./files/Manuals/Calypso_Wheelhouse/Wheelhouse and Calypso Manual v2023.1.pdf
Bridge Set-Up: Directory Setup,Bridge Set-Up: Directory Setup,./files/Manuals/Calypso_Wheelhouse/Training Videos
Federal Environmental Compliance,Federal Environmental Compliance,./files/SpeciesID/protected_species/Training/AFSC Compliance training V8.pptx
Wheelhouse DB Backup and Restore,Wheelhouse DB Backup and Restore,./files/Manuals/Calypso_Wheelhouse/Instr_reblding_WH_OracleDB.pdf
Wheelhouse File Formats,Wheelhouse File Formats,./files/Manuals/Calypso_Wheelhouse/WH_file_formats.txt
Wheelhouse haul data file formats,Wheelhouse haul data file formats,./files/Manuals/Calypso_Wheelhouse/WH_file_formats.txt
Who's on the beach?,Who's on the beach?,./files/contact lists/Personnel availability calendar.pdf
CA-1 Instructions,Instructions for Supervisors to file a CA-1 in ECOMP,./files/Safety/Accidents/Workers Comp Supr Completion CA1.pdf
